Date,Ticker,Sector,P/E,Forward P/E,PEG,P/S,P/B,P/C,P/FCF,Quick Ratio,Current Ratio,Debt/Eq,LT Debt/Eq,SMA20,EPS (ttm),EPS next Y...17,EPS next Q,EPS this Y,EPS next Y...20,EPS next 5Y,EPS past 5Y,Sales past 5Y,Sales Q/Q,EPS Q/Q,Beta,ATR,Prev Close,Price,Change,ESG Totalesg,ESG Environmentscore,ESG Socialscore,ESG Governancescore,ESG Highestcontroversy,ESG Percentile,P/E_diff,Forward P/E_diff,PEG_diff,P/S_diff,P/B_diff,P/C_diff,P/FCF_diff,Quick Ratio_diff,Current Ratio_diff,Debt/Eq_diff,LT Debt/Eq_diff,SMA20_diff,EPS (ttm)_diff,EPS next Y...17_diff,EPS next Q_diff,EPS this Y_diff,EPS next Y...20_diff,EPS next 5Y_diff,EPS past 5Y_diff,Sales past 5Y_diff,Sales Q/Q_diff,EPS Q/Q_diff,Beta_diff,ATR_diff,Prev Close_diff,Price_diff,Change_diff,ESG Totalesg_diff,ESG Environmentscore_diff,ESG Socialscore_diff,ESG Governancescore_diff,ESG Highestcontroversy_diff
2021.08.01,A,Healthcare,51.33,33.15,4.75,7.96,9.69,33.57,45.24,1.5,2,0.61,0.57,0.0243,2.98,4.62,0.99,-0.316,0.1162,0.108,0.12,0.057,0.232,1.173,1,1.87,152.67,153.23,0.0037,16.57,0.87,9.44,6.26,2,11.74,NA,NA,NA,NA,NA,NA,NA,NA,NA,NA,NA,NA,NA,NA,NA,NA,NA,NA,NA,NA,NA,NA,NA,NA,NA,NA,NA,NA,NA,NA,NA,NA
2021.08.01,A,Healthcare,51.33,33.15,4.75,7.96,9.69,33.57,45.24,1.5,2,0.61,0.57,0.0243,2.98,4.62,0.99,-0.316,0.1162,0.108,0.12,0.057,0.232,1.173,1,1.87,152.67,153.23,0.0037,16.57,0.87,9.44,6.26,2,11.74,NA,NA,NA,NA,NA,NA,NA,NA,NA,NA,NA,NA,NA,NA,NA,NA,NA,NA,NA,NA,NA,NA,NA,NA,NA,NA,NA,NA,NA,NA,NA,NA
2021.08.02,A,Healthcare,51.33,33.15,4.75,7.96,9.69,33.57,45.24,1.5,2,0.61,0.57,0.0213,2.98,4.62,0.99,-0.316,0.1162,0.108,0.12,0.057,0.232,1.173,1,1.87,153.23,153.07,-0.001,16.57,0.87,9.44,6.26,2,11.74,NA,NA,NA,NA,NA,NA,NA,NA,NA,NA,NA,NA,NA,NA,NA,NA,NA,NA,NA,NA,NA,NA,NA,NA,NA,NA,NA,NA,NA,NA,NA,NA
2021.08.04,A,Healthcare,51.54,33.29,4.77,8,9.73,33.71,45.43,1.5,2,0.61,0.57,0.0252,2.98,4.62,0.99,-0.316,0.1162,0.108,0.12,0.057,0.232,1.173,1,1.81,153.07,153.86,0.0052,16.57,0.87,9.44,6.26,2,11.74,NA,NA,NA,NA,NA,NA,NA,NA,NA,NA,NA,NA,NA,NA,NA,NA,NA,NA,NA,NA,NA,NA,NA,NA,NA,NA,NA,NA,NA,NA,NA,NA
2021.08.05,A,Healthcare,51.68,33.38,4.79,8.02,9.75,33.8,45.55,1.5,2,0.61,0.57,0.0262,2.98,4.62,0.99,-0.316,0.1162,0.108,0.12,0.057,0.232,1.173,1,1.76,153.86,154.27,0.0027,16.57,0.87,9.44,6.26,2,11.74,NA,NA,NA,NA,NA,NA,NA,NA,NA,NA,NA,NA,NA,NA,NA,NA,NA,NA,NA,NA,NA,NA,NA,NA,NA,NA,NA,NA,NA,NA,NA,NA
2021.08.06,A,Healthcare,52.16,33.69,4.83,8.09,9.84,34.11,45.97,1.5,2,0.61,0.57,0.032,2.98,4.62,0.99,-0.316,0.1162,0.108,0.12,0.057,0.232,1.173,1,1.74,155.04,155.7,0.0043,16.57,0.87,9.44,6.26,2,11.74,NA,NA,NA,NA,NA,NA,NA,NA,NA,NA,NA,NA,NA,NA,NA,NA,NA,NA,NA,NA,NA,NA,NA,NA,NA,NA,NA,NA,NA,NA,NA,NA
2021.08.07,A,Healthcare,52.16,33.69,4.83,8.09,9.84,34.11,45.97,1.5,2,0.61,0.57,0.032,2.98,4.62,0.99,-0.316,0.1162,0.108,0.12,0.057,0.232,1.173,1,1.74,155.04,155.7,0.0043,16.57,0.87,9.44,6.26,2,11.74,0.8299999999999983,0.5399999999999991,0.08000000000000007,0.1299999999999999,0.15000000000000036,0.5399999999999991,0.7299999999999969,0,0,0,0,0.007700000000000002,0,0,0,0,0,0,0,0,0,0,0,-0.13000000000000012,2.3700000000000045,2.469999999999999,5.999999999999998e-4,0,0,0,0,0
2021.08.08,A,Healthcare,52.16,33.69,4.83,8.09,9.84,34.09,45.94,1.5,2,0.61,0.57,0.032,2.98,4.62,0.99,-0.316,0.1162,0.108,0.12,0.057,0.232,1.173,0.99,1.74,155.04,155.7,0.0043,16.57,0.87,9.44,6.26,2,11.74,0.8299999999999983,0.5399999999999991,0.08000000000000007,0.1299999999999999,0.15000000000000036,0.5200000000000031,0.6999999999999957,0,0,0,0,0.010700000000000001,0,0,0,0,0,0,0,0,0,0,-0.010000000000000009,-0.13000000000000012,1.8100000000000023,2.6299999999999955,0.0053,0,0,0,0,0
2021.08.10,A,Healthcare,52.44,33.87,4.86,8.13,9.9,34.28,46.19,1.5,2,0.61,0.57,0.033,2.98,4.62,0.99,-0.316,0.1162,0.108,0.12,0.057,0.232,1.173,0.99,1.75,156.54,156.52,-1e-4,16.57,0.87,9.44,6.26,2,11.74,0.8999999999999986,0.5799999999999983,0.09000000000000075,0.13000000000000078,0.16999999999999993,0.5700000000000003,0.759999999999998,0,0,0,0,0.007800000000000001,0,0,0,0,0,0,0,0,0,0,-0.010000000000000009,-0.06000000000000005,3.469999999999999,2.6599999999999966,-0.0053,0,0,0,0,0
2021.08.11,A,Healthcare,52.44,33.86,4.86,8.13,9.89,34.27,46.19,1.5,2,0.61,0.57,0.0279,2.98,4.62,0.99,-0.316,0.1162,0.108,0.12,0.057,0.232,1.173,0.99,1.73,156.52,156.11,-0.0026,16.57,0.87,9.44,6.26,2,11.74,0.759999999999998,0.4799999999999969,0.07000000000000028,0.11000000000000121,0.14000000000000057,0.47000000000000597,0.6400000000000006,0,0,0,0,0.0017000000000000001,0,0,0,0,0,0,0,0,0,0,-0.010000000000000009,-0.030000000000000027,2.6599999999999966,1.8400000000000034,-0.0053,0,0,0,0,0
2021.08.13,A,Healthcare,52.98,34.22,4.91,8.21,10,34.63,46.67,1.5,2,0.61,0.57,0.0355,2.98,4.62,0.99,-0.316,0.1162,0.108,0.12,0.057,0.232,1.173,0.99,1.76,158.15,158.15,0,16.57,0.87,9.44,6.26,2,11.74,0.8200000000000003,0.5300000000000011,0.08000000000000007,0.120000000000001,0.16000000000000014,0.5200000000000031,0.7000000000000028,0,0,0,0,0.003499999999999996,0,0,0,0,0,0,0,0,0,0,-0.010000000000000009,0.020000000000000018,3.1100000000000136,2.450000000000017,-0.0043,0,0,0,0,0
2021.08.14,A,Healthcare,53.34,34.45,4.94,8.27,10.07,34.86,46.99,1.5,2,0.61,0.57,0.0426,2.98,4.62,0.99,-0.316,0.1162,0.108,0.12,0.057,0.232,1.173,0.99,1.79,158.15,159.23,0.0068,16.57,0.87,9.44,6.26,2,11.74,1.1800000000000068,0.7600000000000051,0.11000000000000032,0.17999999999999972,0.23000000000000043,0.75,1.0200000000000031,0,0,0,0,0.010599999999999998,0,0,0,0,0,0,0,0,0,0,-0.010000000000000009,0.050000000000000044,3.1100000000000136,3.530000000000001,0.0024999999999999996,0,0,0,0,0
2021.08.15,A,Healthcare,53.34,34.39,4.94,8.25,10.07,34.78,46.87,1.5,2,0.61,0.57,0.0426,2.98,4.63,0.99,-0.316,0.1178,0.108,0.12,0.057,0.232,1.173,0.99,1.79,158.15,159.23,0.0068,16.57,0.87,9.44,6.26,2,11.74,1.1800000000000068,0.7000000000000028,0.11000000000000032,0.16000000000000014,0.23000000000000043,0.6899999999999977,0.9299999999999997,0,0,0,0,0.010599999999999998,0,0.009999999999999787,0,0,0.0016000000000000042,0,0,0,0,0,0,0.050000000000000044,3.1100000000000136,3.530000000000001,0.0024999999999999996,0,0,0,0,0
2021.08.16,A,Healthcare,53.34,34.39,4.94,8.25,10.07,34.78,46.87,1.5,2,0.61,0.57,0.05,2.98,4.63,0.99,-0.316,0.1178,0.108,0.12,0.057,0.232,1.173,0.99,1.79,159.23,160.9,0.0105,16.57,0.87,9.44,6.26,2,11.74,0.9000000000000057,0.5200000000000031,0.08000000000000007,0.11999999999999922,0.16999999999999993,0.5,0.6799999999999997,0,0,0,0,0.017,0,0.009999999999999787,0,0,0.0016000000000000042,0,0,0,0,0,0,0.040000000000000036,2.6899999999999977,4.3799999999999955,0.0106,0,0,0,0,0
2021.08.17,A,Healthcare,54.29,35,5.03,8.4,10.24,35.4,47.7,1.5,2,0.61,0.57,0.0576,2.98,4.63,0.99,-0.316,0.1178,0.108,0.12,0.057,0.232,1.173,0.99,1.95,159.23,162.07,0.0178,16.57,0.87,9.44,6.26,2,11.74,1.8500000000000014,1.1400000000000006,0.16999999999999993,0.2699999999999996,0.34999999999999964,1.1299999999999955,1.5100000000000051,0,0,0,0,0.029699999999999997,0,0.009999999999999787,0,0,0.0016000000000000042,0,0,0,0,0,0,0.21999999999999997,2.7099999999999795,5.9599999999999795,0.0204,0,0,0,0,0
2021.08.18,A,Healthcare,54.61,35.21,5.06,8.45,10.3,35.6,47.98,1.5,2,0.61,0.57,0.0548,2.98,4.63,0.99,-0.316,0.1178,0.108,0.12,0.057,0.232,1.173,0.99,2.2,160.91,163.02,0.0131,16.57,0.87,9.44,6.26,2,11.74,1.6300000000000026,0.990000000000002,0.14999999999999947,0.23999999999999844,0.3000000000000007,0.9699999999999989,1.3099999999999952,0,0,0,0,0.019300000000000005,0,0.009999999999999787,0,0,0.0016000000000000042,0,0,0,0,0,0,0.44000000000000017,2.759999999999991,4.8700000000000045,0.0131,0,0,0,0,0
2021.08.19,A,Healthcare,56.17,36.21,5.2,8.69,10.6,36.62,49.35,1.5,2,0.61,0.57,0.08,2.98,4.63,0.99,-0.316,0.1178,0.108,0.12,0.057,0.232,1.173,0.99,2.58,163.02,167.67,0.0285,16.57,0.87,9.44,6.26,2,11.74,2.8299999999999983,1.759999999999998,0.2599999999999998,0.41999999999999993,0.5299999999999994,1.759999999999998,2.3599999999999994,0,0,0,0,0.0374,0,0.009999999999999787,0,0,0.0016000000000000042,0,0,0,0,0,0,0.79,4.8700000000000045,8.439999999999998,0.0217,0,0,0,0,0
2021.08.20,A,Healthcare,56.32,36.31,5.22,8.71,10.63,36.72,49.49,1.5,2,0.61,0.57,0.0769,2.98,4.63,0.99,-0.316,0.1178,0.108,0.12,0.057,0.232,1.173,0.99,2.68,167.67,168.13,0.0027,16.57,0.87,9.44,6.26,2,11.74,2.979999999999997,1.9200000000000017,0.27999999999999936,0.46000000000000085,0.5600000000000005,1.9399999999999977,2.6200000000000045,0,0,0,0,0.0343,0,0,0,0,0,0,0,0,0,0,0,0.8900000000000001,9.519999999999982,8.900000000000006,-0.0040999999999999995,0,0,0,0,0
2021.08.21,A,Healthcare,56.32,36.31,5.22,8.71,10.63,36.72,49.49,1.5,2,0.61,0.57,0.0769,2.98,4.63,0.99,-0.316,0.1178,0.108,0.12,0.057,0.232,1.173,0.99,2.68,167.67,168.13,0.0027,16.57,0.87,9.44,6.26,2,11.74,2.979999999999997,1.9200000000000017,0.27999999999999936,0.46000000000000085,0.5600000000000005,1.9399999999999977,2.6200000000000045,0,0,0,0,0.026899999999999993,0,0,0,0,0,0,0,0,0,0,0,0.8900000000000001,8.439999999999998,7.22999999999999,-0.0078000000000000005,0,0,0,0,0
2021.08.22,A,Healthcare,52.38,35.33,0.98,8.28,10.63,36.87,58.68,1.5,2,0.61,0.57,0.0769,3.21,4.76,1.17,-0.316,0.1109,0.533,0.12,0.057,0.232,1.173,0.99,2.68,167.67,168.13,0.0027,16.57,0.87,9.44,6.26,2,11.74,-1.9099999999999966,0.3299999999999983,-4.050000000000001,-0.120000000000001,0.39000000000000057,1.4699999999999989,10.979999999999997,0,0,0,0,0.019299999999999998,0.22999999999999998,0.1299999999999999,0.17999999999999994,0,-0.006900000000000003,0.42500000000000004,0,0,0,0,0,0.7300000000000002,8.439999999999998,6.060000000000002,-0.015099999999999999,0,0,0,0,0
2021.08.23,A,Healthcare,52.96,35.72,0.99,8.38,10.75,37.28,59.34,1.5,2,0.61,0.57,0.0834,3.21,4.76,1.17,-0.316,0.1109,0.533,0.12,0.057,0.232,1.173,0.99,2.67,168.13,170,0.0111,16.57,0.87,9.44,6.26,2,11.74,-1.6499999999999986,0.509999999999998,-4.069999999999999,-0.06999999999999851,0.4499999999999993,1.6799999999999997,11.360000000000007,0,0,0,0,0.0286,0.22999999999999998,0.1299999999999999,0.17999999999999994,0,-0.006900000000000003,0.42500000000000004,0,0,0,0,0,0.46999999999999975,7.219999999999999,6.97999999999999,-0.002,0,0,0,0,0
2021.08.24,A,Healthcare,53.14,35.84,1,8.4,10.78,37.4,59.53,1.5,2,0.61,0.57,0.0802,3.21,4.76,1.17,-0.316,0.1109,0.533,0.12,0.057,0.232,1.173,0.99,2.64,170,170.57,0.0034,16.57,0.87,9.44,6.26,2,11.74,-3.030000000000001,-0.36999999999999744,-4.2,-0.28999999999999915,0.17999999999999972,0.7800000000000011,10.18,0,0,0,0,1.9999999999999185e-4,0.22999999999999998,0.1299999999999999,0.17999999999999994,0,-0.006900000000000003,0.42500000000000004,0,0,0,0,0,0.06000000000000005,6.97999999999999,2.9000000000000057,-0.0251,0,0,0,0,0
2021.08.25,A,Healthcare,53.14,35.84,1,8.4,10.78,37.4,59.53,1.5,2,0.61,0.57,0.086,3.21,4.76,1.17,-0.316,0.1109,0.533,0.12,0.057,0.232,1.173,0.99,2.64,170.57,172.6,0.0119,16.57,0.87,9.44,6.26,2,11.74,-3.1799999999999997,-0.46999999999999886,-4.22,-0.3100000000000005,0.14999999999999858,0.6799999999999997,10.04,0,0,0,0,0.009099999999999997,0.22999999999999998,0.1299999999999999,0.17999999999999994,0,-0.006900000000000003,0.42500000000000004,0,0,0,0,0,-0.040000000000000036,2.9000000000000057,4.469999999999999,0.0092,0,0,0,0,0
2021.08.26,A,Healthcare,53.99,36.42,1.01,8.54,10.95,38,60.49,1.5,2,0.61,0.57,0.0904,3.21,4.76,1.17,-0.316,0.1109,0.533,0.12,0.057,0.232,1.173,0.99,2.68,170.57,173.3,0.016,16.57,0.87,9.44,6.26,2,11.74,-2.3299999999999983,0.10999999999999943,-4.21,-0.1700000000000017,0.3199999999999985,1.2800000000000011,11,0,0,0,0,0.013499999999999998,0.22999999999999998,0.1299999999999999,0.17999999999999994,0,-0.006900000000000003,0.42500000000000004,0,0,0,0,0,0,2.9000000000000057,5.170000000000016,0.0133,0,0,0,0,0
2021.08.27,A,Healthcare,54.15,36.52,1.02,8.56,10.99,38.11,60.67,1.5,2,0.61,0.57,0.0791,3.21,4.76,1.17,-0.316,0.1109,0.533,0.12,0.057,0.232,1.173,0.99,2.6,173.59,173.81,0.0013,16.57,0.87,9.44,6.26,2,11.74,1.769999999999996,1.1900000000000048,0.040000000000000036,0.28000000000000114,0.35999999999999943,1.240000000000002,1.990000000000002,0,0,0,0,0.0022000000000000075,0,0,0,0,0,0,0,0,0,0,0,-0.08000000000000007,5.920000000000016,5.680000000000007,-0.0014000000000000002,0,0,0,0,0
2021.08.28,A,Healthcare,54.15,36.52,1.02,8.56,10.99,38.11,60.67,1.5,2,0.61,0.57,0.0791,3.21,4.76,1.17,-0.316,0.1109,0.533,0.12,0.057,0.232,1.173,0.99,2.6,173.59,173.81,0.0013,16.57,0.87,9.44,6.26,2,11.74,1.1899999999999977,0.8000000000000043,0.030000000000000027,0.17999999999999972,0.2400000000000002,0.8299999999999983,1.3299999999999983,0,0,0,0,-0.004299999999999998,0,0,0,0,0,0,0,0,0,0,0,-0.06999999999999984,5.460000000000008,3.8100000000000023,-0.0098,0,0,0,0,0
2021.08.29,A,Healthcare,54.15,36.52,1.02,8.56,10.99,38.11,60.67,1.5,2,0.61,0.57,0.0791,3.21,4.76,1.17,-0.316,0.1109,0.533,0.12,0.057,0.232,1.173,0.99,2.6,173.59,173.81,0.0013,16.57,0.87,9.44,6.26,2,11.74,1.009999999999998,0.6799999999999997,0.020000000000000018,0.16000000000000014,0.21000000000000085,0.7100000000000009,1.1400000000000006,0,0,0,0,-0.0010999999999999899,0,0,0,0,0,0,0,0,0,0,0,-0.040000000000000036,3.5900000000000034,3.240000000000009,-0.0021,0,0,0,0,0
2021.08.30,A,Healthcare,54.15,36.27,1.02,8.58,10.99,38.17,60.76,1.5,2,0.61,0.57,0.0791,3.21,4.79,1.17,-0.316,0.1116,0.533,0.12,0.057,0.232,1.173,1,2.6,173.59,173.81,0.0013,16.57,0.87,9.44,6.26,2,11.74,1.009999999999998,0.4299999999999997,0.020000000000000018,0.17999999999999972,0.21000000000000085,0.7700000000000031,1.2299999999999969,0,0,0,0,-0.0068999999999999895,0,0.03000000000000025,0,0,7.000000000000062e-4,0,0,0,0,0,0.010000000000000009,-0.040000000000000036,3.0200000000000102,1.210000000000008,-0.010600000000000002,0,0,0,0,0
2021.08.31,A,Healthcare,54.66,36.62,1.03,8.66,11.09,38.53,61.34,1.5,2,0.61,0.57,0.0746,3.21,4.79,1.17,-0.316,0.1116,0.533,0.12,0.057,0.232,1.173,1,2.61,176.73,175.47,-0.0071,16.57,0.87,9.44,6.26,2,11.74,0.6699999999999946,0.19999999999999574,0.020000000000000018,0.120000000000001,0.14000000000000057,0.5300000000000011,0.8500000000000014,0,0,0,0,-0.015799999999999995,0,0.03000000000000025,0,0,7.000000000000062e-4,0,0,0,0,0,0.010000000000000009,-0.07000000000000028,6.159999999999997,2.1699999999999875,-0.023100000000000002,0,0,0,0,0
2021.08.01,AA,Basic Materials,17.72,8.47,NA,0.7,1.99,4.45,NA,1,1.6,0.59,0.59,0.102,2.27,4.74,1.36,0.85,-0.0261,NA,0.28,-0.037,0.319,2.536,2.7,1.8,39.37,40.15,0.0198,31.31,18.26,8.12,4.93,3,62.5,NA,NA,NA,NA,NA,NA,NA,NA,NA,NA,NA,NA,NA,NA,NA,NA,NA,NA,NA,NA,NA,NA,NA,NA,NA,NA,NA,NA,NA,NA,NA,NA
2021.08.02,AA,Basic Materials,17.72,8.47,NA,0.7,1.99,4.45,NA,1,1.6,0.59,0.59,0.0767,2.27,4.74,1.36,0.85,-0.0261,NA,0.28,-0.037,0.319,2.536,2.7,1.8,40.15,39.4,-0.0187,31.31,18.26,8.12,4.93,3,62.5,NA,NA,NA,NA,NA,NA,NA,NA,NA,NA,NA,NA,NA,NA,NA,NA,NA,NA,NA,NA,NA,NA,NA,NA,NA,NA,NA,NA,NA,NA,NA,NA
2021.08.04,AA,Basic Materials,17.82,8.52,NA,0.71,2,4.48,NA,1,1.6,0.59,0.59,0.1012,2.27,4.74,1.36,0.85,-0.0261,NA,0.28,-0.037,0.319,2.536,2.7,1.87,39.4,40.38,0.0249,31.31,18.26,8.12,4.93,3,62.5,NA,NA,NA,NA,NA,NA,NA,NA,NA,NA,NA,NA,NA,NA,NA,NA,NA,NA,NA,NA,NA,NA,NA,NA,NA,NA,NA,NA,NA,NA,NA,NA
2021.08.05,AA,Basic Materials,17.1,8.18,NA,0.68,1.92,4.29,NA,1,1.6,0.59,0.59,0.0512,2.27,4.74,1.36,0.85,-0.0261,NA,0.28,-0.037,0.319,2.536,2.7,1.87,40.38,38.75,-0.0404,31.31,18.26,8.12,4.93,3,62.5,NA,NA,NA,NA,NA,NA,NA,NA,NA,NA,NA,NA,NA,NA,NA,NA,NA,NA,NA,NA,NA,NA,NA,NA,NA,NA,NA,NA,NA,NA,NA,NA
2021.08.06,AA,Basic Materials,17.97,8.59,NA,0.71,2.02,4.51,NA,1,1.6,0.59,0.59,0.0955,2.27,4.74,1.36,0.85,-0.0261,NA,0.28,-0.037,0.319,2.536,2.7,1.86,38.75,40.71,0.0506,31.31,18.26,8.12,4.93,3,62.5,NA,NA,NA,NA,NA,NA,NA,NA,NA,NA,NA,NA,NA,NA,NA,NA,NA,NA,NA,NA,NA,NA,NA,NA,NA,NA,NA,NA,NA,NA,NA,NA
2021.08.07,AA,Basic Materials,17.97,8.59,NA,0.71,2.02,4.51,NA,1,1.6,0.59,0.59,0.0955,2.27,4.74,1.36,0.85,-0.0261,NA,0.28,-0.037,0.319,2.536,2.7,1.86,38.75,40.71,0.0506,31.31,18.26,8.12,4.93,3,62.5,0.25,0.11999999999999922,NA,0.010000000000000009,0.030000000000000027,0.05999999999999961,NA,0,0,0,0,-0.006499999999999992,0,0,0,0,0,NA,0,0,0,0,0,0.06000000000000005,-0.6199999999999974,0.5600000000000023,0.030799999999999998,0,0,0,0,0
2021.08.08,AA,Basic Materials,17.96,8.51,NA,0.69,2.02,4.38,NA,1,1.6,0.59,0.59,0.0955,2.27,4.78,1.36,0.85,-0.0171,NA,0.28,-0.037,0.319,2.536,2.7,1.86,38.75,40.71,0.0506,31.31,18.26,8.12,4.93,3,62.5,0.240000000000002,0.03999999999999915,NA,-0.010000000000000009,0.030000000000000027,-0.07000000000000028,NA,0,0,0,0,0.018799999999999997,0,0.040000000000000036,0,0,0.009000000000000001,NA,0,0,0,0,0,0.06000000000000005,-1.3999999999999986,1.3100000000000023,0.0693,0,0,0,0,0
2021.08.10,AA,Basic Materials,17.88,8.48,NA,0.69,2.01,4.36,NA,1,1.6,0.59,0.59,0.1703,2.27,4.78,1.36,0.85,-0.0171,NA,0.28,-0.037,0.319,2.536,2.7,1.85,40.53,43.87,0.0824,31.31,18.26,8.12,4.93,3,62.5,0.05999999999999872,-0.03999999999999915,NA,-0.020000000000000018,0.009999999999999787,-0.1200000000000001,NA,0,0,0,0,0.06910000000000001,0,0.040000000000000036,0,0,0.009000000000000001,NA,0,0,0,0,0,-0.020000000000000018,1.1300000000000026,3.489999999999995,0.0575,0,0,0,0,0
2021.08.11,AA,Basic Materials,19.35,9.17,NA,0.75,2.18,4.72,NA,1,1.6,0.59,0.59,0.1543,2.27,4.78,1.36,0.85,-0.0171,NA,0.28,-0.037,0.319,2.536,2.7,1.99,43.87,43.74,-0.0028,31.31,18.26,8.12,4.93,3,62.5,2.25,0.9900000000000002,NA,0.06999999999999995,0.26000000000000023,0.4299999999999997,NA,0,0,0,0,0.1031,0,0.040000000000000036,0,0,0.009000000000000001,NA,0,0,0,0,0,0.11999999999999988,3.489999999999995,4.990000000000002,0.0376,0,0,0,0,0
2021.08.13,AA,Basic Materials,19.92,9.44,NA,0.77,2.24,4.86,NA,1,1.6,0.59,0.59,0.1605,2.27,4.78,1.36,0.85,-0.0171,NA,0.28,-0.037,0.319,2.536,2.7,1.98,45.15,45.15,0,31.31,18.26,8.12,4.93,3,62.5,1.9500000000000028,0.8499999999999996,NA,0.06000000000000005,0.2200000000000002,0.35000000000000053,NA,0,0,0,0,0.065,0,0.040000000000000036,0,0,0.009000000000000001,NA,0,0,0,0,0,0.11999999999999988,6.399999999999999,4.439999999999998,-0.0506,0,0,0,0,0
2021.08.14,AA,Basic Materials,19.96,9.46,NA,0.77,2.24,4.87,NA,1,1.6,0.59,0.59,0.1631,2.27,4.78,1.36,0.85,-0.0171,NA,0.28,-0.037,0.319,2.536,2.7,1.91,45.15,45.25,0.0022,31.31,18.26,8.12,4.93,3,62.5,1.990000000000002,0.870000000000001,NA,0.06000000000000005,0.2200000000000002,0.3600000000000003,NA,0,0,0,0,0.0676,0,0.040000000000000036,0,0,0.009000000000000001,NA,0,0,0,0,0,0.04999999999999982,6.399999999999999,4.539999999999999,-0.0484,0,0,0,0,0
2021.08.15,AA,Basic Materials,19.96,9.46,NA,0.81,2.24,5.11,NA,1,1.6,0.59,0.59,0.1631,2.27,4.78,1.36,0.85,-0.0171,NA,0.28,-0.037,0.319,2.536,2.7,1.91,45.15,45.25,0.0022,31.31,18.26,8.12,4.93,3,62.5,2,0.9500000000000011,NA,0.1200000000000001,0.2200000000000002,0.7300000000000004,NA,0,0,0,0,0.0676,0,0,0,0,0,NA,0,0,0,0,0,0.04999999999999982,6.399999999999999,4.539999999999999,-0.0484,0,0,0,0,0
2021.08.16,AA,Basic Materials,19.96,9.46,NA,0.81,2.24,5.11,NA,1,1.6,0.59,0.59,0.1,2.27,4.78,1.36,0.85,-0.0171,NA,0.28,-0.037,0.319,2.536,2.7,1.91,45.25,43.47,-0.0393,31.31,18.26,8.12,4.93,3,62.5,2.080000000000002,0.9800000000000004,NA,0.1200000000000001,0.23000000000000043,0.75,NA,0,0,0,0,-0.0703,0,0,0,0,0,NA,0,0,0,0,0,0.05999999999999983,4.719999999999999,-0.3999999999999986,-0.1217,0,0,0,0,0
2021.08.17,AA,Basic Materials,19.15,9.08,NA,0.77,2.15,4.9,NA,1,1.6,0.59,0.59,0.0987,2.27,4.78,1.36,0.85,-0.0171,NA,0.28,-0.037,0.319,2.536,2.7,1.96,45.25,43.42,-0.0404,31.31,18.26,8.12,4.93,3,62.5,-0.20000000000000284,-0.08999999999999986,NA,0.020000000000000018,-0.03000000000000025,0.1800000000000006,NA,0,0,0,0,-0.0556,0,0,0,0,0,NA,0,0,0,0,0,-0.030000000000000027,1.3800000000000026,-0.3200000000000003,-0.0376,0,0,0,0,0
2021.08.18,AA,Basic Materials,18.3,8.68,NA,0.74,2.06,4.68,NA,1,1.6,0.59,0.59,0.0259,2.27,4.78,1.36,0.85,-0.0171,NA,0.28,-0.037,0.319,2.536,2.7,1.99,41.61,41.49,-0.0029,31.31,18.26,8.12,4.93,3,62.5,-1.620000000000001,-0.7599999999999998,NA,-0.030000000000000027,-0.18000000000000016,-0.1800000000000006,NA,0,0,0,0,-0.1346,0,0,0,0,0,NA,0,0,0,0,0,0.010000000000000009,-3.539999999999999,-3.6599999999999966,-0.0029,0,0,0,0,0
2021.08.19,AA,Basic Materials,16.29,7.72,NA,0.66,1.83,4.17,NA,1,1.6,0.59,0.59,-0.092,2.27,4.78,1.36,0.85,-0.0171,NA,0.28,-0.037,0.319,2.536,2.7,2.21,41.49,36.92,-0.1101,31.31,18.26,8.12,4.93,3,62.5,-3.6700000000000017,-1.740000000000001,NA,-0.10999999999999999,-0.41000000000000014,-0.7000000000000002,NA,0,0,0,0,-0.2551,0,0,0,0,0,NA,0,0,0,0,0,0.30000000000000004,-3.6599999999999966,-8.329999999999998,-0.1123,0,0,0,0,0
2021.08.20,AA,Basic Materials,16.63,7.89,NA,0.67,1.87,4.26,NA,1,1.6,0.59,0.59,-0.0722,2.27,4.78,1.36,0.85,-0.0171,NA,0.28,-0.037,0.319,2.536,2.7,2.15,36.92,37.71,0.0214,31.31,18.26,8.12,4.93,3,62.5,-3.330000000000002,-1.5700000000000012,NA,-0.14,-0.3700000000000001,-0.8500000000000005,NA,0,0,0,0,-0.2353,0,0,0,0,0,NA,0,0,0,0,0,0.24,-8.229999999999997,-7.539999999999999,0.0192,0,0,0,0,0
2021.08.21,AA,Basic Materials,16.63,7.89,NA,0.67,1.87,4.26,NA,1,1.6,0.59,0.59,-0.0722,2.27,4.78,1.36,0.85,-0.0171,NA,0.28,-0.037,0.319,2.536,2.7,2.15,36.92,37.71,0.0214,31.31,18.26,8.12,4.93,3,62.5,-3.330000000000002,-1.5700000000000012,NA,-0.14,-0.3700000000000001,-0.8500000000000005,NA,0,0,0,0,-0.17220000000000002,0,0,0,0,0,NA,0,0,0,0,0,0.24,-8.329999999999998,-5.759999999999998,0.060700000000000004,0,0,0,0,0
2021.08.22,AA,Basic Materials,16.63,7.89,NA,0.66,1.87,4.18,NA,1,1.6,0.59,0.59,-0.0722,2.27,4.78,1.36,0.85,-0.0171,NA,0.28,-0.037,0.319,2.536,2.71,2.15,36.92,37.71,0.0214,31.31,18.26,8.12,4.93,3,62.5,-2.5199999999999996,-1.1900000000000004,NA,-0.10999999999999999,-0.2799999999999998,-0.7200000000000006,NA,0,0,0,0,-0.1709,0,0,0,0,0,NA,0,0,0,0,0.009999999999999787,0.18999999999999995,-8.329999999999998,-5.710000000000001,0.061799999999999994,0,0,0,0,0
2021.08.23,AA,Basic Materials,18.13,8.6,NA,0.72,2.04,4.55,NA,1,1.6,0.59,0.59,0.0106,2.27,4.78,1.36,0.85,-0.0171,NA,0.28,-0.037,0.319,2.536,2.71,2.26,37.71,41.11,0.0902,31.31,18.26,8.12,4.93,3,62.5,-0.1700000000000017,-0.08000000000000007,NA,-0.020000000000000018,-0.020000000000000018,-0.1299999999999999,NA,0,0,0,0,-0.0153,0,0,0,0,0,NA,0,0,0,0,0.009999999999999787,0.2699999999999998,-3.8999999999999986,-0.38000000000000256,0.0931,0,0,0,0,0
2021.08.24,AA,Basic Materials,18.58,8.81,NA,0.74,2.09,4.67,NA,1,1.6,0.59,0.59,0.0329,2.27,4.78,1.36,0.85,-0.0171,NA,0.28,-0.037,0.319,2.536,2.71,2.25,41.11,42.13,0.0248,31.31,18.26,8.12,4.93,3,62.5,2.289999999999999,1.0900000000000007,NA,0.07999999999999996,0.2599999999999998,0.5,NA,0,0,0,0,0.1249,0,0,0,0,0,NA,0,0,0,0,0.009999999999999787,0.040000000000000036,-0.38000000000000256,5.210000000000001,0.1349,0,0,0,0,0
2021.08.25,AA,Basic Materials,18.58,8.81,NA,0.74,2.09,4.67,NA,1,1.6,0.59,0.59,0.0369,2.27,4.78,1.36,0.85,-0.0171,NA,0.28,-0.037,0.319,2.536,2.71,2.25,42.13,42.49,0.0085,31.31,18.26,8.12,4.93,3,62.5,1.9499999999999993,0.9200000000000008,NA,0.06999999999999995,0.21999999999999975,0.41000000000000014,NA,0,0,0,0,0.1091,0,0,0,0,0,NA,0,0,0,0,0.009999999999999787,0.10000000000000009,5.210000000000001,4.780000000000001,-0.012899999999999998,0,0,0,0,0
2021.08.26,AA,Basic Materials,18.55,8.8,NA,0.74,2.09,4.66,NA,1,1.6,0.59,0.59,0.0264,2.27,4.78,1.36,0.85,-0.0171,NA,0.28,-0.037,0.319,2.536,2.71,2.13,42.13,42.06,-0.0017,31.31,18.26,8.12,4.93,3,62.5,1.9200000000000017,0.910000000000001,NA,0.06999999999999995,0.21999999999999975,0.40000000000000036,NA,0,0,0,0,0.0986,0,0,0,0,0,NA,0,0,0,0,0.009999999999999787,-0.020000000000000018,5.210000000000001,4.350000000000001,-0.0231,0,0,0,0,0
2021.08.27,AA,Basic Materials,19.47,9.23,NA,0.77,2.19,4.89,NA,1,1.6,0.59,0.59,0.0692,2.27,4.78,1.36,0.85,-0.0171,NA,0.28,-0.037,0.319,2.536,2.71,2.07,41.42,44.13,0.0654,31.31,18.26,8.12,4.93,3,62.5,2.84,1.3400000000000007,NA,0.10999999999999999,0.31999999999999984,0.71,NA,0,0,0,0,0.1414,0,0,0,0,0,NA,0,0,0,0,0,-0.08000000000000007,4.5,6.420000000000002,0.044,0,0,0,0,0
2021.08.28,AA,Basic Materials,19.47,9.23,NA,0.77,2.19,4.89,NA,1,1.6,0.59,0.59,0.0692,2.27,4.78,1.36,0.85,-0.0171,NA,0.28,-0.037,0.319,2.536,2.71,2.07,41.42,44.13,0.0654,31.31,18.26,8.12,4.93,3,62.5,1.3399999999999999,0.6300000000000008,NA,0.050000000000000044,0.1499999999999999,0.33999999999999986,NA,0,0,0,0,0.0586,0,0,0,0,0,NA,0,0,0,0,0,-0.18999999999999995,3.710000000000001,3.020000000000003,-0.024800000000000003,0,0,0,0,0
2021.08.29,AA,Basic Materials,19.47,9.23,NA,0.77,2.19,4.89,NA,1,1.6,0.59,0.59,0.0692,2.27,4.78,1.36,0.85,-0.0171,NA,0.28,-0.037,0.319,2.536,2.71,2.07,41.42,44.13,0.0654,31.31,18.26,8.12,4.93,3,62.5,0.8900000000000006,0.41999999999999993,NA,0.030000000000000027,0.10000000000000009,0.21999999999999975,NA,0,0,0,0,0.0363,0,0,0,0,0,NA,0,0,0,0,0,-0.18000000000000016,0.3100000000000023,2,0.0406,0,0,0,0,0
2021.08.30,AA,Basic Materials,19.47,9.23,NA,0.74,2.19,4.69,NA,1,1.6,0.59,0.59,0.0692,2.27,4.78,1.36,0.85,-0.0171,NA,0.28,-0.037,0.319,2.536,2.7,2.07,41.42,44.13,0.0654,31.31,18.26,8.12,4.93,3,62.5,0.8900000000000006,0.41999999999999993,NA,0,0.10000000000000009,0.020000000000000462,NA,0,0,0,0,0.032299999999999995,0,0,0,0,0,NA,0,0,0,0,-0.009999999999999787,-0.18000000000000016,-0.7100000000000009,1.6400000000000006,0.0569,0,0,0,0,0
2021.08.31,AA,Basic Materials,19.57,9.28,NA,0.74,2.2,4.71,NA,1,1.6,0.59,0.59,0.0639,2.27,4.78,1.36,0.85,-0.0171,NA,0.28,-0.037,0.319,2.536,2.7,2.03,44.05,44.37,0.0073,31.31,18.26,8.12,4.93,3,62.5,1.0199999999999996,0.47999999999999865,NA,0,0.11000000000000032,0.04999999999999982,NA,0,0,0,0,0.0375,0,0,0,0,0,NA,0,0,0,0,-0.009999999999999787,-0.10000000000000009,1.9199999999999946,2.309999999999995,0.009,0,0,0,0,0
2021.08.01,AAL,Industrials,NA,23.16,NA,0.73,NA,0.76,NA,1,1.1,NA,NA,-0.0223,-10.46,0.88,-0.62,-5.838,0.992,NA,-0.296,-0.158,3.61,1.006,1.78,0.87,21.17,20.38,-0.0373,28.03,9.8,12.65,5.58,2,50.57,NA,NA,NA,NA,NA,NA,NA,NA,NA,NA,NA,NA,NA,NA,NA,NA,NA,NA,NA,NA,NA,NA,NA,NA,NA,NA,NA,NA,NA,NA,NA,NA
